subject,session,condition,channel,correlation,rmsDifferenceUV
spe30,pre,1,P3,0.99983283815614,0.11704458238199
spe30,pre,2,P3,0.99967357164479,0.257220894839762
spe30,pre,1,PO3,0.999582968729464,0.120000249256336
spe30,pre,2,PO3,0.999557575499123,0.250743624141992
spe30,pre,1,PO7,0.999477669447259,0.0946174005406943
spe30,pre,2,PO7,0.999242363352539,0.193912301128942
spe30,pre,1,CP5,0.999312350111749,0.140810687880208
spe30,pre,2,CP5,0.999279830941493,0.29060787462266
spe30,pre,1,CP1,0.999377352701429,0.155509767697855
spe30,pre,2,CP1,0.99939653912421,0.305443761501931
spe30,pre,1,Cz,0.999288430430358,0.184810250842903
spe30,pre,2,Cz,0.999269712098012,0.335216628269065
spe30,pre,1,FCz,0.999360583239553,0.21056118939157
spe30,pre,2,FCz,0.999238456319772,0.412043667268359
spe30,pre,1,FC1,0.999288936409194,0.209328048110052
spe30,pre,2,FC1,0.9992609822909,0.442525861692008
spe30,post,1,P3,0.999050866098612,0.14916534159335
spe30,post,2,P3,0.99987184884645,0.227556154270042
spe30,post,1,PO3,0.999006429113219,0.144440909746435
spe30,post,2,PO3,0.999828084861897,0.220380924160362
spe30,post,1,PO7,0.999233994558872,0.111387086038325
spe30,post,2,PO7,0.999769005118387,0.193748294377112
spe30,post,1,CP5,0.998448815825411,0.143256591135905
spe30,post,2,CP5,0.999687740060695,0.214463668854172
spe30,post,1,CP1,0.999432894419423,0.221379323341452
spe30,post,2,CP1,0.99980760942105,0.278988760119387
spe30,post,1,Cz,0.999447326272612,0.275057296487724
spe30,post,2,Cz,0.999604947896923,0.286436684200081
spe30,post,1,FCz,0.999531666571599,0.317916270454816
spe30,post,2,FCz,0.999404064210897,0.319385262031225
spe30,post,1,FC1,0.999579855406834,0.321403631625334
spe30,post,2,FC1,0.99943400018953,0.3338780077439
spe30,retest,1,P3,0.995948141435198,0.181947935782283
spe30,retest,2,P3,0.995797498868515,0.228828780304192
spe30,retest,1,PO3,0.996184878667995,0.175868791580473
spe30,retest,2,PO3,0.995752826536706,0.214806015644815
spe30,retest,1,PO7,0.997535748828675,0.153181434318169
spe30,retest,2,PO7,0.993971170159232,0.18419516383851
spe30,retest,1,CP5,0.996345802938258,0.182501865449741
spe30,retest,2,CP5,0.997866231751089,0.238061524202146
spe30,retest,1,CP1,0.994910674800042,0.215544935001327
spe30,retest,2,CP1,0.997397293326239,0.302702182687514
spe30,retest,1,Cz,0.997033088842195,0.271168669015289
spe30,retest,2,Cz,0.996835986222773,0.329476437222415
spe30,retest,1,FCz,0.996579733970451,0.289677261338931
spe30,retest,2,FCz,0.99716404920925,0.3532291042185
spe30,retest,1,FC1,0.996883862022124,0.284980314881305
spe30,retest,2,FC1,0.997716718467787,0.358866839824488
mle01,pre,1,P3,0.99958894685962,0.192385540526336
mle01,pre,2,P3,0.998952488998267,0.145737103347814
mle01,pre,1,PO3,0.999493240150439,0.186907472220319
mle01,pre,2,PO3,0.999119436053691,0.129950363673165
mle01,pre,1,PO7,0.99971189116567,0.225117879405704
mle01,pre,2,PO7,0.998838673080338,0.128705320299165
mle01,pre,1,CP5,0.999652481585038,0.250797667526256
mle01,pre,2,CP5,0.9980410342325,0.165227192130777
mle01,pre,1,CP1,0.999360151280123,0.196724710006414
mle01,pre,2,CP1,0.997643364769432,0.234160610560881
mle01,pre,1,Cz,0.9972609324741,0.208026350692492
mle01,pre,2,Cz,0.998338775852235,0.149648142434846
mle01,pre,1,FCz,0.997656293469252,0.229270473482658
mle01,pre,2,FCz,0.997656358374276,0.183378481546077
mle01,pre,1,FC1,0.997999081645205,0.228279101426411
mle01,pre,2,FC1,0.997404466949197,0.193083807063413
mle01,post,1,P3,0.996770660849022,0.118392643338489
mle01,post,2,P3,0.997754055536769,0.128524655756507
mle01,post,1,PO3,0.997961485038675,0.133247906808906
mle01,post,2,PO3,0.997398030001842,0.122310240604882
mle01,post,1,PO7,0.997892387793625,0.130331048140542
mle01,post,2,PO7,0.997462712879836,0.127012676462026
mle01,post,1,CP5,0.998013630847605,0.136304164712234
mle01,post,2,CP5,0.997984551696559,0.121351038940189
mle01,post,1,CP1,0.998293838330902,0.13576217457424
mle01,post,2,CP1,0.997854992988685,0.126875372868
mle01,post,1,Cz,0.997707828404052,0.187443296746439
mle01,post,2,Cz,0.992976110159485,0.147860311041664
mle01,post,1,FCz,0.997757753727711,0.206282352098649
mle01,post,2,FCz,0.992112898689356,0.162088207336662
mle01,post,1,FC1,0.997755289681749,0.203252264416777
mle01,post,2,FC1,0.992085099603874,0.168237538003881
mle01,retest,1,P3,0.999120898904997,0.155172912617794
mle01,retest,2,P3,0.999091206927673,0.0970129833556567
mle01,retest,1,PO3,0.999072949278991,0.148328561401309
mle01,retest,2,PO3,0.999103524224615,0.100536950992717
mle01,retest,1,PO7,0.998507491315898,0.121408333736987
mle01,retest,2,PO7,0.997732937830019,0.0945372568342286
mle01,retest,1,CP5,0.999298274781075,0.152343783454076
mle01,retest,2,CP5,0.999109945092491,0.0957892550022817
mle01,retest,1,CP1,0.999296724998652,0.16045376082423
mle01,retest,2,CP1,0.999305524344185,0.104380672105856
mle01,retest,1,Cz,0.999429700608494,0.235201795760753
mle01,retest,2,Cz,0.998790223394241,0.1277513397452
mle01,retest,1,FCz,0.999388156909292,0.239254989563049
mle01,retest,2,FCz,0.998835629318302,0.127313431803906
mle01,retest,1,FC1,0.999521350668102,0.237153316033833
mle01,retest,2,FC1,0.998729340028946,0.135576645161755
