trial,mouseTrial,startSample,targetSample,movementSample,displacementSample,label,mouseJump,valid,reason,subject,session,recordingDate,runNumber
1,1,5579,9189,9349,NaN,1,0,1,ok,yle21,pre,20180911,5
2,2,9601,10963,11120,NaN,1,0,1,ok,yle21,pre,20180911,5
3,3,11370,12728,12890,NaN,1,0,1,ok,yle21,pre,20180911,5
4,4,13141,14355,14506,NaN,1,0,1,ok,yle21,pre,20180911,5
5,5,14759,16134,16313,NaN,1,0,1,ok,yle21,pre,20180911,5
6,6,16566,17645,17823,NaN,1,0,1,ok,yle21,pre,20180911,5
7,7,18076,19392,19523,NaN,1,0,1,ok,yle21,pre,20180911,5
8,8,19775,20793,20935,NaN,1,0,1,ok,yle21,pre,20180911,5
9,9,21187,22491,22657,NaN,1,0,1,ok,yle21,pre,20180911,5
10,10,22909,24250,24387,NaN,1,0,1,ok,yle21,pre,20180911,5
11,11,24638,25679,25859,25968,2,-400,1,ok,yle21,pre,20180911,5
12,12,26110,27667,27812,27902,2,-400,1,ok,yle21,pre,20180911,5
13,13,28063,29787,29932,NaN,1,0,1,ok,yle21,pre,20180911,5
14,14,30183,31376,31516,NaN,1,0,1,ok,yle21,pre,20180911,5
15,15,31767,33211,33367,NaN,1,0,1,ok,yle21,pre,20180911,5
16,16,33619,35163,35332,NaN,1,0,1,ok,yle21,pre,20180911,5
17,17,35585,37290,37437,NaN,1,0,1,ok,yle21,pre,20180911,5
18,18,37688,38749,38918,NaN,1,0,1,ok,yle21,pre,20180911,5
19,19,39171,40283,40450,NaN,1,0,1,ok,yle21,pre,20180911,5
20,20,40701,42065,42247,NaN,1,0,1,ok,yle21,pre,20180911,5
21,21,42500,43537,43725,NaN,1,0,1,ok,yle21,pre,20180911,5
22,22,43978,45173,45374,NaN,1,0,1,ok,yle21,pre,20180911,5
23,23,45627,46832,46994,NaN,1,0,1,ok,yle21,pre,20180911,5
24,24,47245,49386,49560,NaN,1,0,1,ok,yle21,pre,20180911,5
25,25,49811,51188,51329,NaN,1,0,1,ok,yle21,pre,20180911,5
26,26,51580,52915,53077,53193,2,400,1,ok,yle21,pre,20180911,5
27,27,53329,54469,54662,NaN,1,0,1,ok,yle21,pre,20180911,5
28,28,54914,55881,56035,NaN,1,0,1,ok,yle21,pre,20180911,5
29,29,56286,57696,57846,NaN,1,0,1,ok,yle21,pre,20180911,5
30,30,58099,59126,59312,NaN,1,0,1,ok,yle21,pre,20180911,5
31,31,59563,60589,60780,NaN,1,0,1,ok,yle21,pre,20180911,5
32,32,61031,62717,62873,NaN,1,0,1,ok,yle21,pre,20180911,5
33,33,63126,64414,64582,NaN,1,0,1,ok,yle21,pre,20180911,5
34,34,64833,66028,66210,NaN,1,0,1,ok,yle21,pre,20180911,5
35,35,66462,67657,67864,NaN,1,0,1,ok,yle21,pre,20180911,5
36,36,68115,69289,69448,69554,2,400,1,ok,yle21,pre,20180911,5
37,37,69699,71493,71661,NaN,1,0,1,ok,yle21,pre,20180911,5
38,38,71914,73196,73332,NaN,1,0,1,ok,yle21,pre,20180911,5
39,39,73583,75229,75422,NaN,1,0,1,ok,yle21,pre,20180911,5
40,40,75674,77020,77166,NaN,1,0,1,ok,yle21,pre,20180911,5
41,41,77417,78654,78855,NaN,1,0,1,ok,yle21,pre,20180911,5
42,42,79107,80420,80547,NaN,1,0,1,ok,yle21,pre,20180911,5
43,43,80798,81823,81969,NaN,1,0,1,ok,yle21,pre,20180911,5
44,44,82221,83364,83547,83674,2,400,1,ok,yle21,pre,20180911,5
45,45,83799,85423,85582,NaN,1,0,1,ok,yle21,pre,20180911,5
46,46,85832,86907,87066,NaN,1,0,1,ok,yle21,pre,20180911,5
47,47,87319,88884,89030,NaN,1,0,1,ok,yle21,pre,20180911,5
48,48,89282,90582,90727,NaN,1,0,1,ok,yle21,pre,20180911,5
49,49,90980,92046,92213,NaN,1,0,1,ok,yle21,pre,20180911,5
50,50,92465,94256,94470,NaN,1,0,1,ok,yle21,pre,20180911,5
51,51,94722,96006,96178,NaN,1,0,1,ok,yle21,pre,20180911,5
52,52,96430,97339,97535,NaN,1,0,1,ok,yle21,pre,20180911,5
53,53,97786,100786,100938,NaN,1,0,1,ok,yle21,pre,20180911,5
54,54,101190,102373,102528,NaN,1,0,1,ok,yle21,pre,20180911,5
55,55,102781,104509,104701,NaN,1,0,1,ok,yle21,pre,20180911,5
56,56,104951,106110,106268,NaN,1,0,1,ok,yle21,pre,20180911,5
57,57,106521,107859,107999,NaN,1,0,1,ok,yle21,pre,20180911,5
58,58,108250,109254,109486,NaN,1,0,1,ok,yle21,pre,20180911,5
59,59,109737,110829,110987,NaN,1,0,1,ok,yle21,pre,20180911,5
60,60,111238,113202,113312,NaN,1,0,1,ok,yle21,pre,20180911,5
61,61,113564,115168,115301,NaN,1,0,1,ok,yle21,pre,20180911,5
62,62,115554,116862,117021,NaN,1,0,1,ok,yle21,pre,20180911,5
63,63,117273,118697,118871,NaN,1,0,1,ok,yle21,pre,20180911,5
64,64,119124,120431,120615,NaN,1,0,1,ok,yle21,pre,20180911,5
65,65,120867,122517,122655,NaN,1,0,1,ok,yle21,pre,20180911,5
66,66,122908,124212,124342,NaN,1,0,1,ok,yle21,pre,20180911,5
67,67,124592,125938,126081,126218,2,-400,1,ok,yle21,pre,20180911,5
68,68,126334,127578,127785,NaN,1,0,1,ok,yle21,pre,20180911,5
69,69,128036,129649,129800,NaN,1,0,1,ok,yle21,pre,20180911,5
70,70,130052,131953,132114,NaN,1,0,1,ok,yle21,pre,20180911,5
71,71,132364,133938,134113,NaN,1,0,1,ok,yle21,pre,20180911,5
72,72,134363,135775,135987,NaN,1,0,1,ok,yle21,pre,20180911,5
73,73,136238,137555,137774,NaN,1,0,1,ok,yle21,pre,20180911,5
74,74,138025,139368,139551,NaN,1,0,1,ok,yle21,pre,20180911,5
75,75,139804,141475,141640,NaN,1,0,1,ok,yle21,pre,20180911,5
76,76,141893,143557,143746,NaN,1,0,1,ok,yle21,pre,20180911,5
77,77,143998,144917,145143,NaN,1,0,1,ok,yle21,pre,20180911,5
78,78,145395,146584,146771,NaN,1,0,1,ok,yle21,pre,20180911,5
79,79,147021,148342,148515,NaN,1,0,1,ok,yle21,pre,20180911,5
80,80,148766,149784,150022,NaN,1,0,1,ok,yle21,pre,20180911,5
81,81,150273,151532,151735,NaN,1,0,1,ok,yle21,pre,20180911,5
82,82,151988,153845,154006,NaN,1,0,1,ok,yle21,pre,20180911,5
83,83,154256,155677,155880,NaN,1,0,1,ok,yle21,pre,20180911,5
84,84,156133,157464,157667,NaN,1,0,1,ok,yle21,pre,20180911,5
85,85,157917,159120,159292,NaN,1,0,1,ok,yle21,pre,20180911,5
86,86,159543,160640,160859,NaN,1,0,1,ok,yle21,pre,20180911,5
87,87,161113,162246,162495,NaN,1,0,1,ok,yle21,pre,20180911,5
88,88,162745,164730,164935,NaN,1,0,1,ok,yle21,pre,20180911,5
89,89,165187,166523,166690,NaN,1,0,1,ok,yle21,pre,20180911,5
90,90,166942,168198,168426,NaN,1,0,1,ok,yle21,pre,20180911,5
91,91,168679,170484,170627,170731,2,-400,1,ok,yle21,pre,20180911,5
92,92,170880,171414,171638,NaN,1,0,1,ok,yle21,pre,20180911,5
93,93,171889,173798,173968,NaN,1,0,1,ok,yle21,pre,20180911,5
94,94,174219,175304,175504,NaN,1,0,1,ok,yle21,pre,20180911,5
95,95,175755,177262,177476,NaN,1,0,1,ok,yle21,pre,20180911,5
96,96,177728,179399,179572,NaN,1,0,1,ok,yle21,pre,20180911,5
97,97,179825,181876,182077,NaN,1,0,1,ok,yle21,pre,20180911,5
98,98,182328,183533,183719,NaN,1,0,1,ok,yle21,pre,20180911,5
99,99,183970,185225,185436,NaN,1,0,1,ok,yle21,pre,20180911,5
100,NaN,185689,NaN,NaN,NaN,NaN,NaN,0,mouse_trial_count_order_or_timing,yle21,pre,20180911,5
