trial,mouseTrial,startSample,targetSample,movementSample,displacementSample,label,mouseJump,valid,reason
1,1,1166,3749,3895,NaN,1,0,1,ok
2,2,4147,5537,5676,5703,2,400,1,ok
3,3,5928,7366,7497,NaN,1,0,1,ok
4,4,7748,8333,8480,NaN,1,0,1,ok
5,5,8733,10119,10251,10286,2,400,1,ok
6,6,10503,12354,12497,NaN,1,0,1,ok
7,7,12747,14553,14699,NaN,1,0,1,ok
8,8,14949,16446,16596,NaN,1,0,1,ok
9,9,16850,18539,18690,NaN,1,0,1,ok
10,10,18943,21065,21206,21236,2,400,1,ok
11,11,21456,21922,22086,NaN,1,0,1,ok
12,12,22337,24548,24700,NaN,1,0,1,ok
13,13,24953,26513,26648,NaN,1,0,1,ok
14,14,26900,30010,30170,NaN,1,0,1,ok
15,15,30422,31452,31579,31605,2,-400,1,ok
16,16,31829,33026,33164,NaN,1,0,1,ok
17,17,33415,36188,36382,NaN,1,0,1,ok
18,18,36634,37901,38041,NaN,1,0,1,ok
19,19,38293,39302,39416,NaN,1,0,1,ok
20,20,39669,41600,41800,NaN,1,0,1,ok
21,21,42050,44333,44487,NaN,1,0,1,ok
22,22,44739,45158,45312,NaN,1,0,1,ok
23,23,45563,47848,48070,NaN,1,0,1,ok
24,24,48324,50285,50422,50455,2,400,1,ok
25,25,50675,52561,52711,NaN,1,0,1,ok
26,26,52963,53879,53882,NaN,1,0,1,ok
27,27,54135,55806,55968,NaN,1,0,1,ok
28,28,56220,58341,58553,NaN,1,0,1,ok
29,29,58806,59904,60049,NaN,1,0,1,ok
30,30,60302,63179,63317,NaN,1,0,1,ok
31,31,63568,65250,65389,NaN,1,0,1,ok
32,32,65642,67065,67210,NaN,1,0,1,ok
33,33,67461,68630,68771,NaN,1,0,1,ok
34,34,69024,69562,69746,NaN,1,0,1,ok
35,35,69998,71082,71215,NaN,1,0,1,ok
36,36,71469,73422,73452,73492,2,400,1,ok
37,37,73703,76974,77136,77174,2,-400,1,ok
38,38,77387,79864,80034,NaN,1,0,1,ok
39,39,80285,82867,83027,83066,2,400,1,ok
40,40,83279,84995,85150,85201,2,-400,1,ok
41,41,85401,87615,87779,87808,2,-400,1,ok
42,42,88031,89135,89285,NaN,1,0,1,ok
43,43,89535,91021,91309,NaN,1,0,1,ok
44,44,91562,92993,93167,93217,2,400,1,ok
45,45,93419,95501,95647,95693,2,-400,1,ok
46,46,95898,97876,98027,NaN,1,0,1,ok
47,47,98278,100664,100811,100832,2,-400,1,ok
48,48,101063,103547,103706,103751,2,-400,1,ok
49,49,103957,105850,106024,NaN,1,0,1,ok
50,50,106275,108176,108371,NaN,1,0,1,ok
51,51,108624,112232,112361,112389,2,400,1,ok
52,52,112614,114576,114800,114845,2,400,1,ok
53,53,115050,119790,119934,NaN,1,0,1,ok
54,54,120185,121951,122131,NaN,1,0,1,ok
55,55,122383,124769,124808,125000,2,400,1,ok
56,56,125059,126701,126858,126893,2,-400,1,ok
57,57,127110,128937,129101,129145,2,-400,1,ok
58,58,129354,130855,131044,NaN,1,0,1,ok
59,59,131294,133479,133593,NaN,1,0,1,ok
60,60,133843,136159,136320,NaN,1,0,1,ok
61,61,136572,140350,140516,NaN,1,0,1,ok
62,62,140767,142658,142805,NaN,1,0,1,ok
63,63,143057,143476,143646,NaN,1,0,1,ok
64,64,143897,145549,145690,145724,2,-400,1,ok
65,65,145942,147938,148081,NaN,1,0,1,ok
66,66,148334,149775,149945,NaN,1,0,1,ok
67,67,150198,150872,151018,NaN,1,0,1,ok
68,68,151269,153621,153806,153851,2,-400,1,ok
69,69,154058,156741,156895,156947,2,-400,1,ok
70,70,157148,159860,159998,160036,2,-400,1,ok
71,71,160250,160786,160956,160988,2,-400,1,ok
72,72,161208,164496,164640,164676,2,-400,1,ok
73,73,164891,165767,165900,165933,2,400,1,ok
74,74,166151,169045,169243,NaN,1,0,1,ok
75,75,169496,173305,173446,173472,2,400,1,ok
76,76,173697,176669,176810,NaN,1,0,1,ok
77,77,177061,178695,178837,NaN,1,0,1,ok
78,78,179087,182346,182555,NaN,1,0,1,ok
79,79,182805,184474,184640,184678,2,-400,1,ok
80,80,184891,185532,185655,NaN,1,0,1,ok
81,81,185906,188073,188217,NaN,1,0,1,ok
82,82,188469,190712,190860,NaN,1,0,1,ok
83,83,191110,194353,194503,194547,2,-400,1,ok
84,84,194756,197290,197452,NaN,1,0,1,ok
85,85,197705,200132,200268,NaN,1,0,1,ok
86,86,200521,201703,201836,NaN,1,0,1,ok
87,87,202087,203517,203644,203686,2,400,1,ok
88,88,203894,205544,205696,NaN,1,0,1,ok
89,89,205949,207242,207400,207459,2,400,1,ok
90,90,207653,209673,209839,209871,2,-400,1,ok
91,91,210090,212039,212216,NaN,1,0,1,ok
92,92,212469,214474,214910,NaN,1,0,1,ok
93,93,215163,216904,217053,NaN,1,0,1,ok
94,94,217305,219439,219595,NaN,1,0,1,ok
95,95,219846,221989,222160,222193,2,-400,1,ok
96,96,222412,223802,223937,223970,2,-400,1,ok
97,97,224188,226775,226945,NaN,1,0,1,ok
98,98,227196,228373,228547,NaN,1,0,1,ok
99,99,228799,231641,231897,NaN,1,0,1,ok
100,NaN,232150,NaN,NaN,NaN,NaN,NaN,0,mouse_trial_count_order_or_timing
