trial,mouseTrial,startSample,targetSample,movementSample,displacementSample,label,mouseJump,valid,reason,subject,session,recordingDate,runNumber,accepted,rejection
1,NaN,6921,NaN,NaN,NaN,NaN,NaN,0,mouse_trial_count_order_or_timing,spe30,pre,20180717,3,0,mouse_trial_count_order_or_timing
2,NaN,8927,NaN,NaN,NaN,NaN,NaN,0,mouse_trial_count_order_or_timing,spe30,pre,20180717,3,0,mouse_trial_count_order_or_timing
3,NaN,11005,NaN,NaN,NaN,NaN,NaN,0,mouse_trial_count_order_or_timing,spe30,pre,20180717,3,0,mouse_trial_count_order_or_timing
4,NaN,13556,NaN,NaN,NaN,NaN,NaN,0,mouse_trial_count_order_or_timing,spe30,pre,20180717,3,0,mouse_trial_count_order_or_timing
5,NaN,15144,NaN,NaN,NaN,NaN,NaN,0,mouse_trial_count_order_or_timing,spe30,pre,20180717,3,0,mouse_trial_count_order_or_timing
6,NaN,16890,NaN,NaN,NaN,NaN,NaN,0,mouse_trial_count_order_or_timing,spe30,pre,20180717,3,0,mouse_trial_count_order_or_timing
7,NaN,18703,NaN,NaN,NaN,NaN,NaN,0,mouse_trial_count_order_or_timing,spe30,pre,20180717,3,0,mouse_trial_count_order_or_timing
8,NaN,20294,NaN,NaN,NaN,NaN,NaN,0,mouse_trial_count_order_or_timing,spe30,pre,20180717,3,0,mouse_trial_count_order_or_timing
9,NaN,21983,NaN,NaN,NaN,NaN,NaN,0,mouse_trial_count_order_or_timing,spe30,pre,20180717,3,0,mouse_trial_count_order_or_timing
10,NaN,23827,NaN,NaN,NaN,NaN,NaN,0,mouse_trial_count_order_or_timing,spe30,pre,20180717,3,0,mouse_trial_count_order_or_timing
11,NaN,25469,NaN,NaN,NaN,NaN,NaN,0,mouse_trial_count_order_or_timing,spe30,pre,20180717,3,0,mouse_trial_count_order_or_timing
12,NaN,26836,NaN,NaN,NaN,NaN,NaN,0,mouse_trial_count_order_or_timing,spe30,pre,20180717,3,0,mouse_trial_count_order_or_timing
13,NaN,28402,NaN,NaN,NaN,NaN,NaN,0,mouse_trial_count_order_or_timing,spe30,pre,20180717,3,0,mouse_trial_count_order_or_timing
14,NaN,30347,NaN,NaN,NaN,NaN,NaN,0,mouse_trial_count_order_or_timing,spe30,pre,20180717,3,0,mouse_trial_count_order_or_timing
15,NaN,31839,NaN,NaN,NaN,NaN,NaN,0,mouse_trial_count_order_or_timing,spe30,pre,20180717,3,0,mouse_trial_count_order_or_timing
16,NaN,33180,NaN,NaN,NaN,NaN,NaN,0,mouse_trial_count_order_or_timing,spe30,pre,20180717,3,0,mouse_trial_count_order_or_timing
17,NaN,34661,NaN,NaN,NaN,NaN,NaN,0,mouse_trial_count_order_or_timing,spe30,pre,20180717,3,0,mouse_trial_count_order_or_timing
18,NaN,36247,NaN,NaN,NaN,NaN,NaN,0,mouse_trial_count_order_or_timing,spe30,pre,20180717,3,0,mouse_trial_count_order_or_timing
19,NaN,37993,NaN,NaN,NaN,NaN,NaN,0,mouse_trial_count_order_or_timing,spe30,pre,20180717,3,0,mouse_trial_count_order_or_timing
20,NaN,39700,NaN,NaN,NaN,NaN,NaN,0,mouse_trial_count_order_or_timing,spe30,pre,20180717,3,0,mouse_trial_count_order_or_timing
21,NaN,41361,NaN,NaN,NaN,NaN,NaN,0,mouse_trial_count_order_or_timing,spe30,pre,20180717,3,0,mouse_trial_count_order_or_timing
22,NaN,42959,NaN,NaN,NaN,NaN,NaN,0,mouse_trial_count_order_or_timing,spe30,pre,20180717,3,0,mouse_trial_count_order_or_timing
23,NaN,44839,NaN,NaN,NaN,NaN,NaN,0,mouse_trial_count_order_or_timing,spe30,pre,20180717,3,0,mouse_trial_count_order_or_timing
24,NaN,46379,NaN,NaN,NaN,NaN,NaN,0,mouse_trial_count_order_or_timing,spe30,pre,20180717,3,0,mouse_trial_count_order_or_timing
25,NaN,47939,NaN,NaN,NaN,NaN,NaN,0,mouse_trial_count_order_or_timing,spe30,pre,20180717,3,0,mouse_trial_count_order_or_timing
26,NaN,49806,NaN,NaN,NaN,NaN,NaN,0,mouse_trial_count_order_or_timing,spe30,pre,20180717,3,0,mouse_trial_count_order_or_timing
27,NaN,51598,NaN,NaN,NaN,NaN,NaN,0,mouse_trial_count_order_or_timing,spe30,pre,20180717,3,0,mouse_trial_count_order_or_timing
28,NaN,53314,NaN,NaN,NaN,NaN,NaN,0,mouse_trial_count_order_or_timing,spe30,pre,20180717,3,0,mouse_trial_count_order_or_timing
29,NaN,55093,NaN,NaN,NaN,NaN,NaN,0,mouse_trial_count_order_or_timing,spe30,pre,20180717,3,0,mouse_trial_count_order_or_timing
30,NaN,56693,NaN,NaN,NaN,NaN,NaN,0,mouse_trial_count_order_or_timing,spe30,pre,20180717,3,0,mouse_trial_count_order_or_timing
31,NaN,58456,NaN,NaN,NaN,NaN,NaN,0,mouse_trial_count_order_or_timing,spe30,pre,20180717,3,0,mouse_trial_count_order_or_timing
32,NaN,59919,NaN,NaN,NaN,NaN,NaN,0,mouse_trial_count_order_or_timing,spe30,pre,20180717,3,0,mouse_trial_count_order_or_timing
33,NaN,61330,NaN,NaN,NaN,NaN,NaN,0,mouse_trial_count_order_or_timing,spe30,pre,20180717,3,0,mouse_trial_count_order_or_timing
34,NaN,62926,NaN,NaN,NaN,NaN,NaN,0,mouse_trial_count_order_or_timing,spe30,pre,20180717,3,0,mouse_trial_count_order_or_timing
35,NaN,64545,NaN,NaN,NaN,NaN,NaN,0,mouse_trial_count_order_or_timing,spe30,pre,20180717,3,0,mouse_trial_count_order_or_timing
36,NaN,66322,NaN,NaN,NaN,NaN,NaN,0,mouse_trial_count_order_or_timing,spe30,pre,20180717,3,0,mouse_trial_count_order_or_timing
37,NaN,68204,NaN,NaN,NaN,NaN,NaN,0,mouse_trial_count_order_or_timing,spe30,pre,20180717,3,0,mouse_trial_count_order_or_timing
38,NaN,71080,NaN,NaN,NaN,NaN,NaN,0,mouse_trial_count_order_or_timing,spe30,pre,20180717,3,0,mouse_trial_count_order_or_timing
39,NaN,72590,NaN,NaN,NaN,NaN,NaN,0,mouse_trial_count_order_or_timing,spe30,pre,20180717,3,0,mouse_trial_count_order_or_timing
40,NaN,74043,NaN,NaN,NaN,NaN,NaN,0,mouse_trial_count_order_or_timing,spe30,pre,20180717,3,0,mouse_trial_count_order_or_timing
41,NaN,75297,NaN,NaN,NaN,NaN,NaN,0,mouse_trial_count_order_or_timing,spe30,pre,20180717,3,0,mouse_trial_count_order_or_timing
42,NaN,76279,NaN,NaN,NaN,NaN,NaN,0,mouse_trial_count_order_or_timing,spe30,pre,20180717,3,0,mouse_trial_count_order_or_timing
43,NaN,77706,NaN,NaN,NaN,NaN,NaN,0,mouse_trial_count_order_or_timing,spe30,pre,20180717,3,0,mouse_trial_count_order_or_timing
44,NaN,79127,NaN,NaN,NaN,NaN,NaN,0,mouse_trial_count_order_or_timing,spe30,pre,20180717,3,0,mouse_trial_count_order_or_timing
45,NaN,80092,NaN,NaN,NaN,NaN,NaN,0,mouse_trial_count_order_or_timing,spe30,pre,20180717,3,0,mouse_trial_count_order_or_timing
46,NaN,81430,NaN,NaN,NaN,NaN,NaN,0,mouse_trial_count_order_or_timing,spe30,pre,20180717,3,0,mouse_trial_count_order_or_timing
47,NaN,82856,NaN,NaN,NaN,NaN,NaN,0,mouse_trial_count_order_or_timing,spe30,pre,20180717,3,0,mouse_trial_count_order_or_timing
48,NaN,84402,NaN,NaN,NaN,NaN,NaN,0,mouse_trial_count_order_or_timing,spe30,pre,20180717,3,0,mouse_trial_count_order_or_timing
49,NaN,86418,NaN,NaN,NaN,NaN,NaN,0,mouse_trial_count_order_or_timing,spe30,pre,20180717,3,0,mouse_trial_count_order_or_timing
50,NaN,88133,NaN,NaN,NaN,NaN,NaN,0,mouse_trial_count_order_or_timing,spe30,pre,20180717,3,0,mouse_trial_count_order_or_timing
51,NaN,89527,NaN,NaN,NaN,NaN,NaN,0,mouse_trial_count_order_or_timing,spe30,pre,20180717,3,0,mouse_trial_count_order_or_timing
52,NaN,91840,NaN,NaN,NaN,NaN,NaN,0,mouse_trial_count_order_or_timing,spe30,pre,20180717,3,0,mouse_trial_count_order_or_timing
53,NaN,93662,NaN,NaN,NaN,NaN,NaN,0,mouse_trial_count_order_or_timing,spe30,pre,20180717,3,0,mouse_trial_count_order_or_timing
54,NaN,95081,NaN,NaN,NaN,NaN,NaN,0,mouse_trial_count_order_or_timing,spe30,pre,20180717,3,0,mouse_trial_count_order_or_timing
55,NaN,97784,NaN,NaN,NaN,NaN,NaN,0,mouse_trial_count_order_or_timing,spe30,pre,20180717,3,0,mouse_trial_count_order_or_timing
56,NaN,100378,NaN,NaN,NaN,NaN,NaN,0,mouse_trial_count_order_or_timing,spe30,pre,20180717,3,0,mouse_trial_count_order_or_timing
57,NaN,101848,NaN,NaN,NaN,NaN,NaN,0,mouse_trial_count_order_or_timing,spe30,pre,20180717,3,0,mouse_trial_count_order_or_timing
58,NaN,103196,NaN,NaN,NaN,NaN,NaN,0,mouse_trial_count_order_or_timing,spe30,pre,20180717,3,0,mouse_trial_count_order_or_timing
59,NaN,104575,NaN,NaN,NaN,NaN,NaN,0,mouse_trial_count_order_or_timing,spe30,pre,20180717,3,0,mouse_trial_count_order_or_timing
60,NaN,105898,NaN,NaN,NaN,NaN,NaN,0,mouse_trial_count_order_or_timing,spe30,pre,20180717,3,0,mouse_trial_count_order_or_timing
61,NaN,107536,NaN,NaN,NaN,NaN,NaN,0,mouse_trial_count_order_or_timing,spe30,pre,20180717,3,0,mouse_trial_count_order_or_timing
62,NaN,109948,NaN,NaN,NaN,NaN,NaN,0,mouse_trial_count_order_or_timing,spe30,pre,20180717,3,0,mouse_trial_count_order_or_timing
63,NaN,111418,NaN,NaN,NaN,NaN,NaN,0,mouse_trial_count_order_or_timing,spe30,pre,20180717,3,0,mouse_trial_count_order_or_timing
64,NaN,112400,NaN,NaN,NaN,NaN,NaN,0,mouse_trial_count_order_or_timing,spe30,pre,20180717,3,0,mouse_trial_count_order_or_timing
65,NaN,114015,NaN,NaN,NaN,NaN,NaN,0,mouse_trial_count_order_or_timing,spe30,pre,20180717,3,0,mouse_trial_count_order_or_timing
66,NaN,116203,NaN,NaN,NaN,NaN,NaN,0,mouse_trial_count_order_or_timing,spe30,pre,20180717,3,0,mouse_trial_count_order_or_timing
67,NaN,117795,NaN,NaN,NaN,NaN,NaN,0,mouse_trial_count_order_or_timing,spe30,pre,20180717,3,0,mouse_trial_count_order_or_timing
68,NaN,119301,NaN,NaN,NaN,NaN,NaN,0,mouse_trial_count_order_or_timing,spe30,pre,20180717,3,0,mouse_trial_count_order_or_timing
69,NaN,121269,NaN,NaN,NaN,NaN,NaN,0,mouse_trial_count_order_or_timing,spe30,pre,20180717,3,0,mouse_trial_count_order_or_timing
70,NaN,122944,NaN,NaN,NaN,NaN,NaN,0,mouse_trial_count_order_or_timing,spe30,pre,20180717,3,0,mouse_trial_count_order_or_timing
71,NaN,124819,NaN,NaN,NaN,NaN,NaN,0,mouse_trial_count_order_or_timing,spe30,pre,20180717,3,0,mouse_trial_count_order_or_timing
72,NaN,126306,NaN,NaN,NaN,NaN,NaN,0,mouse_trial_count_order_or_timing,spe30,pre,20180717,3,0,mouse_trial_count_order_or_timing
73,NaN,128146,NaN,NaN,NaN,NaN,NaN,0,mouse_trial_count_order_or_timing,spe30,pre,20180717,3,0,mouse_trial_count_order_or_timing
74,NaN,129799,NaN,NaN,NaN,NaN,NaN,0,mouse_trial_count_order_or_timing,spe30,pre,20180717,3,0,mouse_trial_count_order_or_timing
75,NaN,131313,NaN,NaN,NaN,NaN,NaN,0,mouse_trial_count_order_or_timing,spe30,pre,20180717,3,0,mouse_trial_count_order_or_timing
76,NaN,132776,NaN,NaN,NaN,NaN,NaN,0,mouse_trial_count_order_or_timing,spe30,pre,20180717,3,0,mouse_trial_count_order_or_timing
77,NaN,134234,NaN,NaN,NaN,NaN,NaN,0,mouse_trial_count_order_or_timing,spe30,pre,20180717,3,0,mouse_trial_count_order_or_timing
78,NaN,135711,NaN,NaN,NaN,NaN,NaN,0,mouse_trial_count_order_or_timing,spe30,pre,20180717,3,0,mouse_trial_count_order_or_timing
79,NaN,137353,NaN,NaN,NaN,NaN,NaN,0,mouse_trial_count_order_or_timing,spe30,pre,20180717,3,0,mouse_trial_count_order_or_timing
80,NaN,138297,NaN,NaN,NaN,NaN,NaN,0,mouse_trial_count_order_or_timing,spe30,pre,20180717,3,0,mouse_trial_count_order_or_timing
81,NaN,140445,NaN,NaN,NaN,NaN,NaN,0,mouse_trial_count_order_or_timing,spe30,pre,20180717,3,0,mouse_trial_count_order_or_timing
82,NaN,142641,NaN,NaN,NaN,NaN,NaN,0,mouse_trial_count_order_or_timing,spe30,pre,20180717,3,0,mouse_trial_count_order_or_timing
83,NaN,144674,NaN,NaN,NaN,NaN,NaN,0,mouse_trial_count_order_or_timing,spe30,pre,20180717,3,0,mouse_trial_count_order_or_timing
84,NaN,147372,NaN,NaN,NaN,NaN,NaN,0,mouse_trial_count_order_or_timing,spe30,pre,20180717,3,0,mouse_trial_count_order_or_timing
85,NaN,148166,NaN,NaN,NaN,NaN,NaN,0,mouse_trial_count_order_or_timing,spe30,pre,20180717,3,0,mouse_trial_count_order_or_timing
86,NaN,149989,NaN,NaN,NaN,NaN,NaN,0,mouse_trial_count_order_or_timing,spe30,pre,20180717,3,0,mouse_trial_count_order_or_timing
87,NaN,151656,NaN,NaN,NaN,NaN,NaN,0,mouse_trial_count_order_or_timing,spe30,pre,20180717,3,0,mouse_trial_count_order_or_timing
88,NaN,153174,NaN,NaN,NaN,NaN,NaN,0,mouse_trial_count_order_or_timing,spe30,pre,20180717,3,0,mouse_trial_count_order_or_timing
89,NaN,154138,NaN,NaN,NaN,NaN,NaN,0,mouse_trial_count_order_or_timing,spe30,pre,20180717,3,0,mouse_trial_count_order_or_timing
90,NaN,155575,NaN,NaN,NaN,NaN,NaN,0,mouse_trial_count_order_or_timing,spe30,pre,20180717,3,0,mouse_trial_count_order_or_timing
91,NaN,158087,NaN,NaN,NaN,NaN,NaN,0,mouse_trial_count_order_or_timing,spe30,pre,20180717,3,0,mouse_trial_count_order_or_timing
92,NaN,159443,NaN,NaN,NaN,NaN,NaN,0,mouse_trial_count_order_or_timing,spe30,pre,20180717,3,0,mouse_trial_count_order_or_timing
93,NaN,160998,NaN,NaN,NaN,NaN,NaN,0,mouse_trial_count_order_or_timing,spe30,pre,20180717,3,0,mouse_trial_count_order_or_timing
94,NaN,161928,NaN,NaN,NaN,NaN,NaN,0,mouse_trial_count_order_or_timing,spe30,pre,20180717,3,0,mouse_trial_count_order_or_timing
95,NaN,163774,NaN,NaN,NaN,NaN,NaN,0,mouse_trial_count_order_or_timing,spe30,pre,20180717,3,0,mouse_trial_count_order_or_timing
96,NaN,165795,NaN,NaN,NaN,NaN,NaN,0,mouse_trial_count_order_or_timing,spe30,pre,20180717,3,0,mouse_trial_count_order_or_timing
97,NaN,167592,NaN,NaN,NaN,NaN,NaN,0,mouse_trial_count_order_or_timing,spe30,pre,20180717,3,0,mouse_trial_count_order_or_timing
98,NaN,170210,NaN,NaN,NaN,NaN,NaN,0,mouse_trial_count_order_or_timing,spe30,pre,20180717,3,0,mouse_trial_count_order_or_timing
99,NaN,171797,NaN,NaN,NaN,NaN,NaN,0,mouse_trial_count_order_or_timing,spe30,pre,20180717,3,0,mouse_trial_count_order_or_timing
100,NaN,173405,NaN,NaN,NaN,NaN,NaN,0,mouse_trial_count_order_or_timing,spe30,pre,20180717,3,0,mouse_trial_count_order_or_timing
101,NaN,174812,NaN,NaN,NaN,NaN,NaN,0,mouse_trial_count_order_or_timing,spe30,pre,20180717,3,0,mouse_trial_count_order_or_timing
102,NaN,176293,NaN,NaN,NaN,NaN,NaN,0,mouse_trial_count_order_or_timing,spe30,pre,20180717,3,0,mouse_trial_count_order_or_timing
