trial,mouseTrial,startSample,targetSample,movementSample,displacementSample,label,mouseJump,valid,reason,accepted,rejection
1,1,3200,5906,6051,6092,2,-400,1,ok,1,ok
2,2,6303,7473,7601,NaN,1,0,1,ok,1,ok
3,3,7853,8948,9083,9121,2,-400,1,ok,1,ok
4,4,9335,9885,10019,NaN,1,0,1,ok,1,ok
5,5,10272,11606,11736,NaN,1,0,1,ok,1,ok
6,6,11987,13182,13306,NaN,1,0,1,ok,1,ok
7,7,13558,14727,14853,NaN,1,0,1,ok,1,ok
8,8,15104,16296,16399,16441,2,-400,1,ok,1,ok
9,9,16650,17786,17917,NaN,1,0,1,ok,1,ok
10,10,18169,19252,19377,NaN,1,0,1,ok,1,ok
11,11,19628,20599,20724,20755,2,-400,1,ok,1,ok
12,12,20976,21527,21677,NaN,1,0,1,ok,1,ok
13,13,21930,23109,23232,23274,2,-400,1,ok,1,ok
14,14,23485,24583,24646,NaN,1,0,1,ok,1,ok
15,15,24898,26464,26587,26631,2,400,1,ok,1,ok
16,16,26838,28109,28177,NaN,1,0,1,ok,1,ok
17,17,28428,29413,29538,29581,2,-400,1,ok,1,ok
18,18,29789,30947,31075,NaN,1,0,1,ok,1,ok
19,19,31326,32674,32788,NaN,1,0,1,ok,1,ok
20,20,33039,34271,34399,NaN,1,0,1,ok,1,ok
21,21,34650,35667,35785,35824,2,-400,1,ok,1,ok
22,22,36038,37384,37458,NaN,1,0,1,ok,1,ok
23,23,37711,39022,39133,39174,2,400,1,ok,1,ok
24,24,39384,40007,40194,40242,2,400,1,ok,1,ok
25,25,40445,41675,41804,41845,2,-400,1,ok,1,ok
26,26,42054,43677,43782,NaN,1,0,1,ok,1,ok
27,27,44032,44591,44725,NaN,1,0,1,ok,1,ok
28,28,44977,46233,46329,NaN,1,0,1,ok,1,ok
29,29,46579,47708,47836,NaN,1,0,1,ok,1,ok
30,30,48087,49121,49251,49292,2,-400,1,ok,1,ok
31,31,49501,50284,50417,NaN,1,0,1,ok,1,ok
32,32,50670,52065,52186,52227,2,400,1,ok,1,ok
33,33,52438,53978,54095,NaN,1,0,1,ok,1,ok
34,34,54347,55577,55706,NaN,1,0,1,ok,1,ok
35,35,55958,57218,57337,NaN,1,0,1,ok,1,ok
36,36,57589,58965,59090,NaN,1,0,1,ok,1,ok
37,37,59341,60283,60419,60460,2,-400,1,ok,1,ok
38,38,60671,62397,62527,NaN,1,0,1,ok,1,ok
39,39,62779,63743,63890,NaN,1,0,1,ok,1,ok
40,40,64142,65136,65274,NaN,1,0,1,ok,1,ok
41,41,65524,66751,66865,NaN,1,0,1,ok,1,ok
42,42,67118,68085,68226,68273,2,400,1,ok,1,ok
43,43,68478,69297,69409,NaN,1,0,1,ok,1,ok
44,44,69659,70968,71012,NaN,1,0,1,ok,1,ok
45,45,71263,72530,72634,72685,2,-400,1,ok,1,ok
46,46,72884,74239,74361,NaN,1,0,1,ok,1,ok
47,47,74613,76060,76191,NaN,1,0,1,ok,1,ok
48,48,76444,77468,77613,77661,2,400,1,ok,1,ok
49,49,77866,79448,79518,79577,2,-400,1,ok,1,ok
50,50,79770,82281,82408,NaN,1,0,1,ok,1,ok
51,51,82660,83986,84110,84156,2,400,1,ok,1,ok
52,52,84362,85391,85524,NaN,1,0,1,ok,1,ok
53,53,85775,86990,87119,NaN,1,0,1,ok,1,ok
54,54,87371,88385,88520,NaN,1,0,1,ok,1,ok
55,55,88771,90021,90140,NaN,1,0,1,ok,1,ok
56,56,90392,91668,91793,NaN,1,0,1,ok,1,ok
57,57,92044,93040,93162,93216,2,400,1,ok,1,ok
58,58,93412,94421,94558,94620,2,400,1,ok,1,ok
59,59,94810,95844,95972,NaN,1,0,1,ok,1,ok
60,60,96224,97447,97512,97589,2,-400,1,ok,1,ok
61,61,97766,99038,99064,NaN,1,0,1,ok,1,ok
62,62,99315,100438,100562,NaN,1,0,1,ok,1,ok
63,63,100815,101811,101944,NaN,1,0,1,ok,1,ok
64,64,102196,103399,103501,NaN,1,0,1,ok,1,ok
65,65,103753,104793,104918,104969,2,-400,1,ok,1,ok
66,66,105169,106444,106515,NaN,1,0,1,ok,1,ok
67,67,106767,107707,107835,NaN,1,0,1,ok,1,ok
68,68,108087,109326,109434,NaN,1,0,1,ok,1,ok
69,69,109685,110891,111001,NaN,1,0,1,ok,1,ok
70,70,111254,112205,112335,112379,2,400,1,ok,1,ok
71,71,112588,113580,113723,NaN,1,0,1,ok,1,ok
72,72,113973,115183,115283,NaN,1,0,1,ok,1,ok
73,73,115533,116809,116879,NaN,1,0,1,ok,1,ok
74,74,117130,118492,118615,118656,2,400,1,ok,1,ok
75,75,118867,120619,120754,120795,2,400,1,ok,1,ok
76,76,121006,122581,122700,NaN,1,0,1,ok,1,ok
77,77,122951,124032,124173,124209,2,400,1,ok,1,ok
78,78,124426,125536,125668,NaN,1,0,1,ok,1,ok
79,79,125918,126709,126810,NaN,1,0,1,ok,1,ok
80,80,127063,128043,128180,NaN,1,0,1,ok,1,ok
81,81,128433,128981,129118,NaN,1,0,1,ok,1,ok
82,82,129370,130901,130990,NaN,1,0,1,ok,1,ok
83,83,131241,132538,132664,132709,2,-400,1,ok,1,ok
84,84,132915,133778,133886,NaN,1,0,1,ok,1,ok
85,85,134139,135389,135512,NaN,1,0,1,ok,1,ok
86,86,135763,138076,138194,NaN,1,0,1,ok,1,ok
87,87,138445,139575,139722,NaN,1,0,1,ok,1,ok
88,88,139975,141389,141524,141563,2,400,1,ok,1,ok
89,89,141776,142846,142982,NaN,1,0,1,ok,1,ok
90,90,143233,144159,144295,144334,2,-400,1,ok,1,ok
91,91,144545,145974,146081,NaN,1,0,1,ok,1,ok
92,92,146334,147457,147592,NaN,1,0,1,ok,1,ok
93,93,147843,148772,148905,NaN,1,0,1,ok,1,ok
94,94,149158,150096,150233,150284,2,-400,1,ok,1,ok
95,95,150484,151301,151427,NaN,1,0,1,ok,1,ok
96,96,151679,152930,153048,NaN,1,0,1,ok,1,ok
97,97,153301,154527,154634,154684,2,-400,1,ok,1,ok
98,98,154887,155994,156132,NaN,1,0,1,ok,1,ok
99,99,156385,157609,157725,157779,2,400,1,ok,1,ok
100,100,157976,159328,159443,159490,2,400,1,ok,1,ok
101,NaN,159695,NaN,NaN,NaN,NaN,NaN,0,mouse_trial_count_order_or_timing,0,mouse_trial_count_order_or_timing
